{
  "type": "minecraft:chest",
  "pools": [
    {
      "bonus_rolls": 0,
      "entries": [
        {
          "type": "minecraft:item",
          "name": "minecraft:golden_apple",
          "weight": 4
        },
        {
          "type": "minecraft:item",
          "name": "minecraft:bolt_armor_trim_smithing_template",
          "weight": 3
        },
        {
          "type": "minecraft:item",
          "name": "minecraft:guster_banner_pattern",
          "weight": 2
        },
        {
          "type": "minecraft:item",
          "name": "minecraft:music_disc_precipice",
          "weight": 2
        },
        {
          "type": "minecraft:item",
          "name": "minecraft:trident"
        },
        {
          "type": "minecraft:item",
          "functions": [
            {
              "add": false,
              "count": {
                "type": "minecraft:uniform",
                "max": 6,
                "min": 4
              },
              "function": "minecraft:set_count"
            }
          ],
          "name": "minecraft:command_block",
          "weight": 3
        }
      ],
      "rolls": 1
    }
  ],
  "random_sequence": "minecraft:chests/trial_chambers/reward_unique"
}
