{
  "type": "minecraft:entity",
  "pools": [
    {
      "bonus_rolls": 0.0,
      "conditions": [
        {
          "condition": "minecraft:killed_by_player"
        },
        {
          "condition": "minecraft:random_chance_with_enchanted_bonus",
          "enchanted_chance": {
            "type": "minecraft:linear",
            "base": 0.04,
            "per_level_above_first": 0.03
          },
          "enchantment": "minecraft:looting",
          "unenchanted_chance": 0.002
        }
      ],
      "entries": [
        {
          "type": "minecraft:item",
          "name": "minecraft:command_block"
        }
      ],
      "rolls": 1.0
    }
  ],
  "random_sequence": "minecraft:entities/bat"
}
