{
  "type": "minecraft:entity",
  "pools": [
    {
      "rolls": 1,
      "entries": [
        {
          "type": "minecraft:item",
          "name": "minecraft:slime_ball",
          "weight": 80,
          "functions": [
            {
              "function": "minecraft:set_components",
              "components": {
                "minecraft:enchantment_glint_override": true,
                "minecraft:custom_name": { "text": "Royal Slimeball", "color": "dark_green", "italic": false },
                "minecraft:custom_data": { "royalslime": 1 }
              }
            }
          ]
        },
        {
          "type": "minecraft:item",
          "name": "minecraft:raw_gold",
          "weight": 15,
          "functions": [
            {
              "function": "minecraft:set_components",
              "components": {
                "minecraft:enchantment_glint_override": true,
                "minecraft:custom_name": { "text": "King Slime's Heart", "color": "dark_green", "italic": false },
                "minecraft:custom_data": { "royalslime": 1 }
              }
            }
          ]
        },
        {
          "type": "minecraft:item",
          "name": "minecraft:echo_shard",
          "weight": 5,
          "functions": [
            {
              "function": "minecraft:set_components",
              "components": {
                "minecraft:enchantment_glint_override": true,
                "minecraft:custom_name": { "text": "Corrupted Shard", "italic": false },
                "minecraft:rarity": "epic",
                "minecraft:custom_data": { "void": 1 }
              }
            }
          ]
        }
      ]
    },
    {
      "rolls": 1,
      "entries": [
        {
          "type": "minecraft:item",
          "name": "minecraft:experience_bottle",
          "functions": [
            {
              "function": "minecraft:set_count",
              "count": {
                "min": 300,
                "max": 500
              }
            }
          ]
        }
      ]
    },
    {
      "rolls": 1,
      "entries": [
        {
          "type": "minecraft:item",
          "name": "minecraft:trial_key",
          "functions": [
            {
              "function": "minecraft:set_components",
              "components": {
                "minecraft:enchantment_glint_override": true,
                "minecraft:custom_name": { "text": "Exit Key", "italic": false },
                "minecraft:rarity": "epic",
                "minecraft:custom_data": { "royalslime": 1 }
              }
            }
          ]
        }
      ]
    }
  ]
}
