{
  "type": "minecraft:entity",
  "pools": [
    {
      "rolls": 1,
      "entries": [
        {
          "type": "minecraft:item",
          "name": "minecraft:iron_chain",
          "weight": 79,
          "functions": [
            {
              "function": "minecraft:set_components",
              "components": {
                "minecraft:enchantment_glint_override": true,
                "minecraft:custom_name": { "text": "Leviathan Chain", "italic": false },
                "minecraft:rarity": "uncommon",
                "minecraft:custom_data": { "leviathan": 1 }
              }
            }
          ]
        },
        {
          "type": "minecraft:item",
          "name": "minecraft:turtle_scute",
          "weight": 10,
          "functions": [
            {
              "function": "minecraft:set_components",
              "components": {
                "minecraft:enchantment_glint_override": true,
                "minecraft:custom_name": { "text": "Leviathan Scute", "italic": false },
                "minecraft:rarity": "uncommon",
                "minecraft:custom_data": { "leviathan": 1 }
              }
            }
          ]
        },
        {
          "type": "minecraft:item",
          "name": "minecraft:bamboo_planks",
          "weight": 10,
          "functions": [
            {
              "function": "minecraft:set_components",
              "components": {
                "minecraft:enchantment_glint_override": true,
                "minecraft:custom_name": { "text": "Leviathan Wood", "italic": false },
                "minecraft:rarity": "uncommon",
                "minecraft:custom_data": { "leviathan": 1 }
              }
            }
          ]
        },
        {
          "type": "minecraft:item",
          "name": "minecraft:echo_shard",
          "weight": 1,
          "functions": [
            {
              "function": "minecraft:set_components",
              "components": {
                "minecraft:enchantment_glint_override": true,
                "minecraft:custom_name": { "text": "Corrupted Shard", "italic": false },
                "minecraft:rarity": "epic",
                "minecraft:custom_data": { "void": 1 }
              }
            }
          ]
        }
      ]
    },
    {
      "rolls": 1,
      "entries": [
        {
          "type": "minecraft:item",
          "name": "minecraft:experience_bottle",
          "functions": [
            {
              "function": "minecraft:set_count",
              "count": {
                "min": 100,
                "max": 200
              }
            }
          ]
        }
      ]
    }
  ]
}
